CaseID,Activity,repository_entry,attribute_filter_type,attribute,attributes,use_except_expression,value_type,use_value_type_exception,except_value_type,block_type,use_block_type_exception,except_block_type,invert_selection,include_special_attributes,attribute_name,target_role,return_preprocessing_model,create_view,default,criterion,maximal_depth,apply_pruning,confidence,apply_prepruning,minimal_gain,minimal_leaf_size,minimal_size_for_split,number_of_prepruning_alternatives
0,"Retrieve Titanic+Data","//Local Repository/data/Titanic+Data",,,,,,,,,,,,,,,,,,,,,,,,,,
0,"Select Attributes",,subset,,"Age|No of Parents or Children on Board|Passenger C",false,attribute_value,false,time,attribute_block,false,value_matrix_row_start,false,false,,,,,,,,,,,,,,
0,"Set Role",,,,,,,,,,,,,,Survived,label,,,,,,,,,,,,
0,"Replace Missing Values",,all,,,false,attribute_value,false,time,attribute_block,false,value_matrix_row_start,false,false,,,false,false,average,,,,,,,,,
0,"Decision Tree",,,,,,,,,,,,,,,,,,,information_gain,10,true,0.25,false,0.1,2,4,3
1,"Retrieve Titanic+Data","//Local Repository/data/Titanic+Data",,,,,,,,,,,,,,,,,,,,,,,,,,
1,"Select Attributes",,subset,,"Age|No of Parents or Children on Board|Passenger C",false,attribute_value,false,time,attribute_block,false,value_matrix_row_start,false,false,,,,,,,,,,,,,,
1,"Set Role",,,,,,,,,,,,,,Survived,label,,,,,,,,,,,,
1,"Replace Missing Values",,all,,,false,attribute_value,false,time,attribute_block,false,value_matrix_row_start,false,false,,,false,false,average,,,,,,,,,
1,"Decision Tree",,,,,,,,,,,,,,,,,,,information_gain,10,true,0.25,false,0.1,2,4,3
