CaseID,Activity,repository_entry,attribute_filter_type,attribute,attributes,use_except_expression,value_type,use_value_type_exception,except_value_type,block_type,use_block_type_exception,except_block_type,invert_selection,include_special_attributes,attribute_name,target_role,Survived,return_preprocessing_model,create_view,default,parameter_expression,condition_class,invert_filter,filters_entry_key,filters_logic_and,filters_check_metadata,split_on_batch_attribute,leave_one_out,number_of_folds,sampling_type,use_local_random_seed,local_random_seed,enable_parallel_execution,criterion,maximal_depth,apply_pruning,confidence,apply_prepruning,minimal_gain,minimal_leaf_size,minimal_size_for_split,number_of_prepruning_alternatives,use_example_weights
0,Retrieve,"//Local Repository/data/Titanic+Data",,,,,,,,,,,,,,,,,,,,,,,,,,,,,,,,,,,,,,,,,
0,"Data Preparation",,,,,,,,,,,,,,,,,,,,,,,,,,,,,,,,,,,,,,,,,,
0,"Select Attributes",,subset,,"Age|Survived|Sex|Port of Embarkation|Passenger Fare|Passenger Class|No of Siblings or Spouses on Board|No of Parents or Children on Board|Name",false,attribute_value,false,time,attribute_block,false,value_matrix_row_start,false,false,,,,,,,,,,,,,,,,,,,,,,,,,,,,,
0,"Set Role",,,,,,,,,,,,,,Name,id,label,,,,,,,,,,,,,,,,,,,,,,,,,,
0,"Replace Missing Values",,single,Age,,false,attribute_value,false,time,attribute_block,false,value_matrix_row_start,false,false,,,,false,false,average,,,,,,,,,,,,,,,,,,,,,,,
0,"Filter Examples",,,,,,,,,,,,,,,,,,,,,custom_filters,false,"Passenger Fare.is_not_missing.",true,true,,,,,,,,,,,,,,,,,
0,"Cross Validation",,,,,,,,,,,,,,,,,,,,,,,,,,false,false,10,automatic,false,1992,true,,,,,,,,,,
0,"Decision Tree",,,,,,,,,,,,,,,,,,,,,,,,,,,,,,,,,gain_ratio,20,true,0.25,true,0.1,2,4,3,
0,"Apply Model",,,,,,,,,,,,,,,,,,false,,,,,,,,,,,,,,,,,,,,,,,,
0,Performance,,,,,,,,,,,,,,,,,,,,,,,,,,,,,,,,,,,,,,,,,,true
1,"Retrieve Titanic+Data","//Local Repository/data/Titanic+Data",,,,,,,,,,,,,,,,,,,,,,,,,,,,,,,,,,,,,,,,,
1,"Select Attributes",,subset,,"Age|No of Parents or Children on Board|Passenger Class|No of Siblings or Spouses on Board|Passenger Fare|Port of Embarkation|Sex|Survived|Name",false,attribute_value,false,time,attribute_block,false,value_matrix_row_start,false,false,,,,,,,,,,,,,,,,,,,,,,,,,,,,,
1,"Set Role",,,,,,,,,,,,,,Survived,label,,,,,,,,,,,,,,,,,,,,,,,,,,,
1,"Decision Tree",,,,,,,,,,,,,,,,,,,,,,,,,,,,,,,,,information_gain,20,true,0.25,true,0.1,2,4,3,
2,"Retrieve Titanic+Data","//Local Repository/data/Titanic+Data",,,,,,,,,,,,,,,,,,,,,,,,,,,,,,,,,,,,,,,,,
2,"Select Attributes",,subset,,"Age|No of Parents or Children on Board|Passenger Class|No of Siblings or Spouses on Board|Passenger Fare|Port of Embarkation|Sex|Survived|Name",false,attribute_value,false,time,attribute_block,false,value_matrix_row_start,false,false,,,,,,,,,,,,,,,,,,,,,,,,,,,,,
2,"Set Role",,,,,,,,,,,,,,Survived,label,,,,,,,,,,,,,,,,,,,,,,,,,,,
2,"Replace Missing Values",,all,,,false,attribute_value,false,time,attribute_block,false,value_matrix_row_start,false,false,,,,false,false,average,,,,,,,,,,,,,,,,,,,,,,,
2,"Decision Tree",,,,,,,,,,,,,,,,,,,,,,,,,,,,,,,,,information_gain,10,true,0.25,false,0.1,2,4,3,
3,"Retrieve Titanic+Data","//Local Repository/data/Titanic+Data",,,,,,,,,,,,,,,,,,,,,,,,,,,,,,,,,,,,,,,,,
3,"Set Role",,,,,,,,,,,,,,Survived,label,,,,,,,,,,,,,,,,,,,,,,,,,,,
3,"Replace Missing Values",,all,,,false,attribute_value,false,time,attribute_block,false,value_matrix_row_start,false,false,,,,false,false,average,,,,,,,,,,,,,,,,,,,,,,,
3,"Decision Tree",,,,,,,,,,,,,,,,,,,,,,,,,,,,,,,,,gini_index,10,false,0.25,true,0.1,2,4,3,
4,"Retrieve Titanic+Data","//Local Repository/data/Titanic+Data",,,,,,,,,,,,,,,,,,,,,,,,,,,,,,,,,,,,,,,,,
4,"Set Role",,,,,,,,,,,,,,Survived,label,,,,,,,,,,,,,,,,,,,,,,,,,,,
4,"Decision Tree",,,,,,,,,,,,,,,,,,,,,,,,,,,,,,,,,gain_ratio,20,true,0.25,true,0.1,2,4,3,
